{"resources":["./assets/sounds/sfx.mp3","./assets/sounds/sfx.ogg","./assets/sounds/sfx.m4a"],"spritemap":{"achievementUnlocked":{"start":0,"end":1.425328798185941,"loop":false},"bike_engine_loop":{"start":2.1,"end":6.685555555555556,"loop":false},"bike_land":{"start":7.2,"end":7.825011337868481,"loop":false},"block_glass":{"start":8.3,"end":9.925011337868481,"loop":false},"bounce1":{"start":10.4,"end":11.148934240362813,"loop":false},"checkpoint":{"start":11.500000000000002,"end":12.407256235827667,"loop":false},"click":{"start":12.600000000000003,"end":12.633333333333336,"loop":false},"count":{"start":13.700000000000003,"end":13.987346938775513,"loop":false},"death1":{"start":14.800000000000002,"end":15.394421768707485,"loop":false},"death2":{"start":15.900000000000002,"end":16.519569160997733,"loop":false},"explosion":{"start":17,"end":19.52965986394558,"loop":false},"fall":{"start":20.1,"end":21.00229024943311,"loop":false},"fallingBlock":{"start":21.200000000000003,"end":21.775759637188212,"loop":false},"fallingBlockHide":{"start":22.300000000000004,"end":23.055918367346944,"loop":false},"Finish":{"start":23.400000000000006,"end":25.900000000000006,"loop":false},"flip":{"start":26.500000000000007,"end":28.000000000000007,"loop":false},"laserFire":{"start":28.60000000000001,"end":29.78736961451248,"loop":false},"missileLauncher":{"start":30.70000000000001,"end":32.611632653061235,"loop":false},"music_1":{"start":32.80000000000001,"end":62.3384807256236,"loop":false},"music_2":{"start":62.90000000000001,"end":92.43868480725625,"loop":false},"music_3":{"start":93.00000000000001,"end":122.5384807256236,"loop":false},"music_4":{"start":123.10000000000002,"end":152.6384807256236,"loop":false},"music_5":{"start":153.20000000000002,"end":182.7384807256236,"loop":false},"saw":{"start":183.3,"end":184.55097505668937,"loop":false},"slider_loop":{"start":185.40000000000003,"end":190.20000000000005,"loop":false},"star_1":{"start":190.50000000000006,"end":191.10000000000005,"loop":false},"star_2":{"start":191.60000000000005,"end":192.20000000000005,"loop":false},"star_3":{"start":192.70000000000005,"end":193.26668934240368,"loop":false}}}